id,url,source,label,url_length
51,mail.kasserver.com,Cisco-Umbrella,legitimate,18
731,hbyzxs.com,Majestic,legitimate,10
609,livefitstore.in,Majestic,legitimate,15
52,abingdonpress.com,Majestic,legitimate,17
876,memozor.com,Majestic,legitimate,11
561,pki.mts.ru,Cisco-Umbrella,legitimate,10
684,www.theblackfriday.com,Cisco-Umbrella,legitimate,22
738,25.docs.google.com,Cisco-Umbrella,legitimate,18
376,fhex3-1.fna.fbcdn.net,Cisco-Umbrella,legitimate,21
983,fgfh5t-dynamic-config-api.appsflyersdk.com,Cisco-Umbrella,legitimate,42
325,pa7ey.nl,Majestic,legitimate,8
784,lgf.org.uk,Majestic,legitimate,10
166,concretego.com,Cisco-Umbrella,legitimate,14
82,joinc12.com,Majestic,legitimate,11
575,fantascienza.net,Majestic,legitimate,16
743,tera2u.com,Majestic,legitimate,10
975,critic.de,Majestic,legitimate,9
773,tottori.lg.jp,Majestic,legitimate,13
484,login.illumina.com,Cisco-Umbrella,legitimate,18
648,www.blindster.com,Cisco-Umbrella,legitimate,17
672,cpp-ui.app.printercloud.com,Cisco-Umbrella,legitimate,27
355,amsnotifier.delaval.com,Cisco-Umbrella,legitimate,23
927,vpn.utexas.edu,Cisco-Umbrella,legitimate,14
610,www.aota.org,Cisco-Umbrella,legitimate,12
895,lb02prd.ssn.philips.com,Cisco-Umbrella,legitimate,23
504,push-sports.caliente.mx,Cisco-Umbrella,legitimate,23
745,claimhigh.com,Majestic,legitimate,13
997,stage2md050.stage.paypal.com,Cisco-Umbrella,legitimate,28
946,federal.statemortgageregistry.com,Cisco-Umbrella,legitimate,33
370,joeris.egnyte.com,Cisco-Umbrella,legitimate,17
155,797ly.cn,Majestic,legitimate,8
783,mychart.et1124.epichosted.com,Cisco-Umbrella,legitimate,29
991,eu-west-1.device-display-mode.amazon.com,Cisco-Umbrella,legitimate,40
440,prescan.nl,Majestic,legitimate,10
463,33z.net,Majestic,legitimate,7
871,pollstream.com,Cisco-Umbrella,legitimate,14
318,namute.lt,Majestic,legitimate,9
250,miamisao.com,Majestic,legitimate,12
358,wshed.com,Majestic,legitimate,9
204,hutchnews.com,Majestic,legitimate,13
514,sightings.com,Majestic,legitimate,13
211,hydroxyzinea.com,Majestic,legitimate,16
980,rr3---sn-30gqpnu5ooxu-xcas.googlevideo.com,Cisco-Umbrella,legitimate,42
984,www.mercurycards.com,Cisco-Umbrella,legitimate,20
780,font-ingest.canva.com,Cisco-Umbrella,legitimate,21
55,bixi.alicdn.com,Cisco-Umbrella,legitimate,15
993,apiv2.nextgenshopping.com,Cisco-Umbrella,legitimate,25
567,arlostreaming20418-z2-prod.ar.arlo.com,Cisco-Umbrella,legitimate,38
445,valona.app,Cisco-Umbrella,legitimate,10
439,estadisticas.gruporeforma.com,Cisco-Umbrella,legitimate,29
397,access.pepsichina.cn,Cisco-Umbrella,legitimate,20
711,buymodafinilex.shop,Majestic,legitimate,19
671,lakefrontliving.com,Majestic,legitimate,19
345,lcs.naver.com.akadns.net,Cisco-Umbrella,legitimate,24
107,szhongbao.cn,Majestic,legitimate,12
393,click.mails.autoscout24.com,Cisco-Umbrella,legitimate,27
186,v1-live.cricket.miniclippt.com,Cisco-Umbrella,legitimate,30
234,user-pic.webnovel.com,Cisco-Umbrella,legitimate,21
254,72ad001a-ae70-410c-b73b-1cc8f1e8a257.poki-gdn.com,Cisco-Umbrella,legitimate,49
556,crm.welcomehomesoftware.com,Cisco-Umbrella,legitimate,27
736,ns1dd441ab0.airspace-cdn.cbsivideo.com,Cisco-Umbrella,legitimate,38
380,18-du.com,Majestic,legitimate,9
947,ccyport.com,Majestic,legitimate,11
438,buddies-abrasives.com,Majestic,legitimate,21
786,horizonstate.com,Majestic,legitimate,16
68,institut-entreprise.fr,Majestic,legitimate,22
496,school10-rzn.ru,Majestic,legitimate,15
912,silabs.demdex.net,Cisco-Umbrella,legitimate,17
306,up5.nosdn.127.net,Cisco-Umbrella,legitimate,17
542,alliedcaribbean.com,Majestic,legitimate,19
275,accounts.kaleido.ai,Cisco-Umbrella,legitimate,19
890,langenachtderkirchen.at,Majestic,legitimate,23
805,issihosts.com,Majestic,legitimate,13
203,plastiks.io,Majestic,legitimate,11
361,galp.pt,Cisco-Umbrella,legitimate,7
915,a4973.casalemedia.com,Cisco-Umbrella,legitimate,21
43,webresolve.ru,Majestic,legitimate,13
932,bevry.rodeo,Majestic,legitimate,11
29,ciec1.org,Majestic,legitimate,9
320,ap-tds-tls.agora.io,Cisco-Umbrella,legitimate,19
814,geeksforgeeks-d.openx.net,Cisco-Umbrella,legitimate,25
225,linkpointconnectme.com,Cisco-Umbrella,legitimate,22
452,yuyuan530.cn,Majestic,legitimate,12
175,np2.schwab.com,Cisco-Umbrella,legitimate,14
635,activity.fiverr.com,Cisco-Umbrella,legitimate,19
171,ddhtiantian.com,Majestic,legitimate,15
177,kasa.cz,Majestic,legitimate,7
402,fiohtg.org,Majestic,legitimate,10
455,fonts.googleapis.com.1.o965ddm60kmk.1.prx.useast2.v1api.securly.com,Cisco-Umbrella,legitimate,67
685,logger-eventory.printerval.com,Cisco-Umbrella,legitimate,30
385,obsolete.com,Majestic,legitimate,12
559,freelancersinthedark.com,Majestic,legitimate,24
133,sssbesrelayu02.ccr.corp.intel.com,Cisco-Umbrella,legitimate,33
677,revolvy.com,Majestic,legitimate,11
662,stream-ar.planetradio.co.uk,Cisco-Umbrella,legitimate,27
339,drworking.xyz,Majestic,legitimate,13
330,starzbet.com,Majestic,legitimate,12
201,domin.co.kr,Majestic,legitimate,11
658,100webspace.net,Majestic,legitimate,15
720,cfeu.prod.t100.ter.int.amazonvideo.com,Cisco-Umbrella,legitimate,38
323,parkwhite.com,Majestic,legitimate,13
854,adobomagazine.com,Majestic,legitimate,17
193,brentwoodtn.gov,Majestic,legitimate,15
933,n897.meraki.com,Cisco-Umbrella,legitimate,15
524,ideamotive.co,Majestic,legitimate,13
687,mx1.sat.gob.mx,Cisco-Umbrella,legitimate,14
728,internetrightsandprinciples.org,Majestic,legitimate,31
613,hotelprofessionals.nl,Majestic,legitimate,21
649,vegansfirst.com,Majestic,legitimate,15
661,pcjpwppise32.ise.wppidentity.com,Cisco-Umbrella,legitimate,32
994,castleleslie.com,Majestic,legitimate,16
180,roxot-panel.com,Cisco-Umbrella,legitimate,15
389,reddeerheatpumps.com,Majestic,legitimate,20
935,powerscripts.anova.appfire.app,Cisco-Umbrella,legitimate,30
893,viagra733.us,Majestic,legitimate,12
115,d03-004.ic3-calling-enterpriseproxy.01-koreacentral-prod.cosmic.office.net,Cisco-Umbrella,legitimate,74
347,cdn.sajari.com,Cisco-Umbrella,legitimate,14
28,tealcreek.net,Majestic,legitimate,13
456,a.lmcdn.ru,Cisco-Umbrella,legitimate,10
218,themusicman.uk,Majestic,legitimate,14
844,thishotel.com,Majestic,legitimate,13
976,uncor.edu,Majestic,legitimate,9
348,vopvn.com,Majestic,legitimate,9
644,hd.se,Majestic,legitimate,5
5,haymarketbeer.com,Majestic,legitimate,17
476,ipv4-c149-lhr004-ix.ftl.nflxvideo.net,Cisco-Umbrella,legitimate,37
865,highlandeurope.com,Majestic,legitimate,18
717,api.cowconnect.net,Cisco-Umbrella,legitimate,18
597,medkonf.ru,Majestic,legitimate,10
178,nareb.com,Majestic,legitimate,9
870,ijc.org,Majestic,legitimate,7
277,as-40816.engx.vmware.com,Cisco-Umbrella,legitimate,24
795,gsipartners.com,Cisco-Umbrella,legitimate,15
553,kmsihosting.com,Cisco-Umbrella,legitimate,15
58,rr3---sn-nx57ynsz.gvt1.com,Cisco-Umbrella,legitimate,26
495,dstimaariraconians.info,Cisco-Umbrella,legitimate,23
97,oiv.hr,Majestic,legitimate,6
545,app.integrate.com,Cisco-Umbrella,legitimate,17
404,vsvinn.cn,Majestic,legitimate,9
905,marywashingtonhealthcare.com,Majestic,legitimate,28
215,heylroyster.webex.com,Cisco-Umbrella,legitimate,21
337,augmeclav.com,Majestic,legitimate,13
313,jigaia.se,Majestic,legitimate,9
424,archysport.com,Majestic,legitimate,14
815,www.liquorandwineoutlets.com,Cisco-Umbrella,legitimate,28
182,browsercfg-dre-cloud-dbankcloud-cn-dre.appacc.dbankedge.net,Cisco-Umbrella,legitimate,59
362,longviewtexas.gov,Majestic,legitimate,17
70,bbp-mettle.co.uk,Cisco-Umbrella,legitimate,16
942,tss.reverso.net,Cisco-Umbrella,legitimate,15
408,static.biketiresdirect.com,Cisco-Umbrella,legitimate,26
699,omni.slz.santander.co.uk,Cisco-Umbrella,legitimate,24
965,rojakmarket.com,Majestic,legitimate,15
666,ep2.postfinance.ch,Cisco-Umbrella,legitimate,18
137,adoptivefamilies.com,Majestic,legitimate,20
943,eldenring.wiki.fextralife.com,Cisco-Umbrella,legitimate,29
959,nixcdn.com,Cisco-Umbrella,legitimate,10
520,bridgerbowl.com,Majestic,legitimate,15
351,ch-grizzlybear.traps.paloaltonetworks.com,Cisco-Umbrella,legitimate,41
498,nisuscorp.com,Majestic,legitimate,13
588,instituteofideas.com,Majestic,legitimate,20
603,36d64cce.ovslegodl.sched.ovscdns.com,Cisco-Umbrella,legitimate,36
399,crecla.jp,Majestic,legitimate,9
377,897ac31e-759b-4426-b6a7-e6388d6933fa.distil.ninja,Cisco-Umbrella,legitimate,49
821,zn1fdmrst7jsai9mt-customer.siteintercept.qualtrics.com,Cisco-Umbrella,legitimate,54
488,themarketingcommunicator.com,Majestic,legitimate,28
860,sbcgold.com,Majestic,legitimate,11
693,incmedia.org,Majestic,legitimate,12
818,hellmanandfriedman.sharepoint.com,Cisco-Umbrella,legitimate,33
227,pettravelstore.com,Majestic,legitimate,18
187,tuangoutejia.com,Majestic,legitimate,16
598,api.pnk.app,Cisco-Umbrella,legitimate,11
572,careerplanner.com,Majestic,legitimate,17
238,umojo.com,Cisco-Umbrella,legitimate,9
916,www.smart-gsm.com,Cisco-Umbrella,legitimate,17
501,himipai.com,Majestic,legitimate,11
128,netadmin.com.tw,Majestic,legitimate,15
517,ulster.ac.uk,Majestic,legitimate,12
838,varunraghubirtewatia.com,Majestic,legitimate,24
548,iemtgcc.cn,Majestic,legitimate,10
430,chefjulierd.com,Majestic,legitimate,15
830,daa.my.salesforce.com,Cisco-Umbrella,legitimate,21
196,rr4---sn-2uuxa3vh-n0cl.gvt1.com,Cisco-Umbrella,legitimate,31
232,szthnf.com,Majestic,legitimate,10
896,blackrock.com,Majestic,legitimate,13
930,beneathbeltedqaarisoft.ml,Majestic,legitimate,25
332,ngp.com,Cisco-Umbrella,legitimate,7
939,zdk.de,Majestic,legitimate,6
665,cdn.siteimprove.net,Cisco-Umbrella,legitimate,19
386,packing.ru,Majestic,legitimate,10
804,www-jp-de-intl-adns.aliyun.com.gds.alibabadns.com,Cisco-Umbrella,legitimate,49
206,pg-ktb-reskin.plg.dev,Cisco-Umbrella,legitimate,21
27,portal.rules.comcast.com,Cisco-Umbrella,legitimate,24
734,hrv4training.com,Majestic,legitimate,16
642,us03.mw-rmm.barracudamsp.com,Cisco-Umbrella,legitimate,28
533,xyyuwen.cn,Majestic,legitimate,10
465,accessdata.broadridge.com,Cisco-Umbrella,legitimate,25
369,aladdinshouston.com,Majestic,legitimate,19
622,pcgamestorrents.com,Majestic,legitimate,19
676,fopp.com,Majestic,legitimate,8
185,yankeehomestead.com,Majestic,legitimate,19
326,bhmdwdt293928.cy.marrcorp.marriott.com,Cisco-Umbrella,legitimate,38
183,baccess.baccess.atttest.com,Cisco-Umbrella,legitimate,27
458,www.jps.go.cr,Cisco-Umbrella,legitimate,13
839,mailchi.mp.dob.sibl.support-intelligence.net,Cisco-Umbrella,legitimate,44
105,touringplans.com,Majestic,legitimate,16
941,amwa.net,Majestic,legitimate,8
396,nodered.org,Majestic,legitimate,11
562,twelvebooks.com,Majestic,legitimate,15
910,tchus.spott2.sportradar.com,Cisco-Umbrella,legitimate,27
836,bootstrap-appproxy-weur-am3p-1.msappproxy.net,Cisco-Umbrella,legitimate,45
480,genghiscohen.com,Majestic,legitimate,16
945,supershuttle.co.nz,Majestic,legitimate,18
864,forbrukerradet.no,Majestic,legitimate,17
990,interstates.crm.dynamics.com,Cisco-Umbrella,legitimate,28
550,s-usc1f-nss-2557.firebaseio.com,Cisco-Umbrella,legitimate,31
478,partnermd.com,Majestic,legitimate,13
663,pages.thenationalcouncil.org,Cisco-Umbrella,legitimate,28
447,dscj.akamaiedge.net,Cisco-Umbrella,legitimate,19
535,polyfill.bbhub.io,Cisco-Umbrella,legitimate,17
569,geoip.maxmind.com,Cisco-Umbrella,legitimate,17
109,jouwthema.nl,Majestic,legitimate,12
256,ps-services-us-east-1-914248642252-pipe-storage-das-cloud.s3.amazonaws.com,Cisco-Umbrella,legitimate,74
570,itouchvision.com,Cisco-Umbrella,legitimate,16
534,public-ws-ubiservices.ubi.com,Cisco-Umbrella,legitimate,29
742,ibr01.cle30.ntwk.msn.net,Cisco-Umbrella,legitimate,24
706,rr1---sn-8pxuuxa-8j5e6.googlevideo.com,Cisco-Umbrella,legitimate,38
512,www.happybeds.co.uk,Cisco-Umbrella,legitimate,19
156,pod000.westcentralus.rnr.ms,Cisco-Umbrella,legitimate,27
516,compumir.ru,Majestic,legitimate,11
789,secure.softwarekey.com,Cisco-Umbrella,legitimate,22
7,cloudshell.me-south-1.aws.amazon.com,Cisco-Umbrella,legitimate,36
4,widget.cluster.groovehq.com,Cisco-Umbrella,legitimate,27
281,ewrsrdt344190.ri.marrcorp.marriott.com,Cisco-Umbrella,legitimate,38
481,fs.kaktusapp.com,Cisco-Umbrella,legitimate,16
243,0s62bmu3aj.execute-api.us-east-1.amazonaws.com,Cisco-Umbrella,legitimate,46
299,recordpub.com,Majestic,legitimate,13
64,s26552.pcdn.co,Cisco-Umbrella,legitimate,14
486,cdnopw.com,Cisco-Umbrella,legitimate,10
840,repo.alt.cloudlinux.com,Cisco-Umbrella,legitimate,23
885,newlandpayment.com,Cisco-Umbrella,legitimate,18
142,shop.imagequix.com,Cisco-Umbrella,legitimate,18
654,pull-flv-f77-sg01.tiktokcdn.com.itotolink.net,Cisco-Umbrella,legitimate,45
519,datasciencefaqs.com,Majestic,legitimate,19
811,radiovop.com,Majestic,legitimate,12
891,lelon.com.tw,Majestic,legitimate,12
740,artbreak.com,Majestic,legitimate,12
469,bceasy.cn,Majestic,legitimate,9
181,epao.de,Majestic,legitimate,7
401,xiabao99.top,Majestic,legitimate,12
952,su.retail.dynamics.com,Cisco-Umbrella,legitimate,22
240,mashup-tech.com,Majestic,legitimate,15
44,apio.halifax-online.co.uk,Cisco-Umbrella,legitimate,25
748,event.los.loadcomplete.com,Cisco-Umbrella,legitimate,26
944,ikj.ac.id,Majestic,legitimate,9
100,e7c3bcecbc234834bbb18c2a2d93bfaf.unbouncepages.com,Cisco-Umbrella,legitimate,50
680,u14209785.ct.sendgrid.net,Cisco-Umbrella,legitimate,25
403,rr8---sn-35153iuxa-unx6.googlevideo.com,Cisco-Umbrella,legitimate,39
599,clog.geniex.com,Cisco-Umbrella,legitimate,15
106,bzluvszkfm.net,Cisco-Umbrella,legitimate,14
887,staticfiles.nexpart.com,Cisco-Umbrella,legitimate,23
899,clearlycontacts.ca,Majestic,legitimate,18
247,osrs-world-148.l3deff.jagex.com,Cisco-Umbrella,legitimate,31
387,ns.timeson.com.cn,Cisco-Umbrella,legitimate,17
57,spsprodwus31.vssps.visualstudio.com,Cisco-Umbrella,legitimate,35
508,ywrcqa.kiiitv.com,Cisco-Umbrella,legitimate,17
708,vm3.ilpip-proxy-hisgeneralhiphisgeneralnameus2-prod--dns.eastus.cloudapp.azure.com,Cisco-Umbrella,legitimate,82
918,unsertirol24.com,Majestic,legitimate,16
25,castleintheclouds.org,Majestic,legitimate,21
922,cams4.org,Majestic,legitimate,9
797,515008387.collect.igodigital.com,Cisco-Umbrella,legitimate,32
359,www.digitalmarketer.com,Cisco-Umbrella,legitimate,23
884,d4f84ebb.the-best-airport.com,Cisco-Umbrella,legitimate,29
696,urbanorganicgardener.com,Majestic,legitimate,24
956,wizardxin.cn,Majestic,legitimate,12
124,api-7dfa4c38.duosecurity.com,Cisco-Umbrella,legitimate,28
184,thegafapps.com,Cisco-Umbrella,legitimate,14
631,wmur.com,Majestic,legitimate,8
148,broker10-1.den3.prod.zpath.net,Cisco-Umbrella,legitimate,30
92,epaper-oesterreich.at,Majestic,legitimate,21
108,mpi.org,Majestic,legitimate,7
375,rissminer.com,Majestic,legitimate,13
515,rr7---sn-3u-bh2sk.googlevideo.com,Cisco-Umbrella,legitimate,33
503,crbbearing.com,Majestic,legitimate,14
810,huobansp.com,Majestic,legitimate,12
799,intelligentworkplace.app.fiserv.com,Cisco-Umbrella,legitimate,35
41,dk.phantom.avira-vpn.com,Cisco-Umbrella,legitimate,24
416,500nations.com,Majestic,legitimate,14
95,img5.d2cmedia.ca,Cisco-Umbrella,legitimate,16
616,api.hexrevenge.prod.hexworksdev.com,Cisco-Umbrella,legitimate,35
157,bvdnet.de,Majestic,legitimate,9
209,libra-sg.tiktokv.com.edgekey.net,Cisco-Umbrella,legitimate,32
585,ep-jpwe-02-prod-aks.flightproxy.teams.microsoft.com,Cisco-Umbrella,legitimate,51
791,seobatch401.ml,Majestic,legitimate,14
94,usgbc-web.s3.amazonaws.com,Cisco-Umbrella,legitimate,26
422,hectau.com,Majestic,legitimate,10
646,ubdqmii.top,Majestic,legitimate,11
127,fzabh.cn,Majestic,legitimate,8
767,directionsresearch.sharepoint.com,Cisco-Umbrella,legitimate,33
656,www.valuecityfurniture.com,Cisco-Umbrella,legitimate,26
451,carmelclaylibrary.org,Cisco-Umbrella,legitimate,21
99,achoon.com,Cisco-Umbrella,legitimate,10
47,schweine.net,Majestic,legitimate,12
849,login-us.gtreasury.net,Cisco-Umbrella,legitimate,22
763,wonderlab.org,Majestic,legitimate,13
497,group.ph.g.byteoversea.net,Cisco-Umbrella,legitimate,26
904,www.arqlink.com,Cisco-Umbrella,legitimate,15
800,tudakozobazis.hu,Majestic,legitimate,16
136,p105-ckdevice.icloud.com,Cisco-Umbrella,legitimate,24
776,nhcs.instructure.com,Cisco-Umbrella,legitimate,20
928,cutyoursupport.com,Majestic,legitimate,18
920,huiyun8.com,Majestic,legitimate,11
252,zmnmt.com,Majestic,legitimate,9
400,finnuclear.fi,Majestic,legitimate,13
245,nchcorp.sharepoint.com,Cisco-Umbrella,legitimate,22
614,ipv4-c103-ord001-dev-ix.1.oca.nflxvideo.net,Cisco-Umbrella,legitimate,43
831,susscarumel.com,Majestic,legitimate,15
214,fhir.athena.io,Cisco-Umbrella,legitimate,14
531,bucket.insertchat.com,Cisco-Umbrella,legitimate,21
712,vynova-group.com,Cisco-Umbrella,legitimate,16
372,lnshengbao.com,Majestic,legitimate,14
151,rr3---sn-nqojvhh-4nqs.gvt1.com,Cisco-Umbrella,legitimate,30
46,rr2---sn-uhvcpax0n5-jaxe.googlevideo.com,Cisco-Umbrella,legitimate,40
883,tri-statedefender.com,Majestic,legitimate,21
241,cdn.linearicons.com,Cisco-Umbrella,legitimate,19
340,qos.prod.warm.ingest.monitor.core.windows.net,Cisco-Umbrella,legitimate,45
311,int-first-meet2.ciscospark.com,Cisco-Umbrella,legitimate,30
283,www.nojima.co.jp,Cisco-Umbrella,legitimate,16
90,nowwedws.com,Majestic,legitimate,12
564,genealogybranches.com,Majestic,legitimate,21
371,jeldwenorg3--cnx.vf.force.com,Cisco-Umbrella,legitimate,29
694,infopark.io,Cisco-Umbrella,legitimate,11
660,prod.platform.gstech.nl,Cisco-Umbrella,legitimate,23
285,ncbimvn.cn,Majestic,legitimate,10
164,cbagveu.cn,Majestic,legitimate,10
267,bestantivirusreviews.org,Majestic,legitimate,24
356,forumpolish.com,Majestic,legitimate,15
443,osupdate2020.shalltry.com.itotolink.net,Cisco-Umbrella,legitimate,39
165,roesslersrestaurant.com,Majestic,legitimate,23
581,version-manager-cloud.herokuapp.com,Cisco-Umbrella,legitimate,35
521,jinda44.com,Majestic,legitimate,11
653,194284-ipv4v6.gr.global.aa-rt.sharepoint.com,Cisco-Umbrella,legitimate,44
134,benlcollins.com,Majestic,legitimate,15
578,www.sandcastlefs.com,Cisco-Umbrella,legitimate,20
15,ldcws.pcpf.panasonic.com,Cisco-Umbrella,legitimate,24
190,wfclvalve.com,Majestic,legitimate,13
845,demap.odyssey.zone,Cisco-Umbrella,legitimate,18
798,loninzxmfappp2.uk.db.com,Cisco-Umbrella,legitimate,24
418,gryphonbuildingsolutions.com,Majestic,legitimate,28
781,planetbox.com,Majestic,legitimate,13
398,dzmzfzk.com,Majestic,legitimate,11
192,emailmg.ipage.com,Cisco-Umbrella,legitimate,17
395,stationerh.com,Cisco-Umbrella,legitimate,14
874,r4.sn-ab5sznld.c.2mdn.net,Cisco-Umbrella,legitimate,25
113,clothpaperscissors.com,Majestic,legitimate,22
664,dvma.de,Majestic,legitimate,7
273,gggoodgame.com,Majestic,legitimate,14
882,edge-029.usbos2.icloud-content.com,Cisco-Umbrella,legitimate,34
33,onlineworldpharmacy.online,Majestic,legitimate,26
760,hnxdm.cn,Majestic,legitimate,8
152,e5f20p.cn,Majestic,legitimate,9
12,offertracking.vuclip.com,Cisco-Umbrella,legitimate,24
207,petterzeng.com,Majestic,legitimate,14
537,elite-strategies.com,Majestic,legitimate,20
239,ane.cr,Cisco-Umbrella,legitimate,6
878,vaughan.ca,Majestic,legitimate,10
297,portal.gohyper.com,Cisco-Umbrella,legitimate,18
923,crtpipd.cn,Majestic,legitimate,10
328,bljc.com,Cisco-Umbrella,legitimate,8
809,lanzoux.com,Majestic,legitimate,11
682,qq.com.eo.dnse2.com,Cisco-Umbrella,legitimate,19
223,pm-bifrost-gateway-prod-v3-a.us-east-1.elasticbeanstalk.com,Cisco-Umbrella,legitimate,59
859,siyapatil.com,Majestic,legitimate,13
287,snshelper.com,Majestic,legitimate,13
220,hiloautosales.com,Majestic,legitimate,17
633,comments.ustr.gov,Cisco-Umbrella,legitimate,17
571,charityexcellence.co.uk,Majestic,legitimate,23
122,messengerg2c9.iranlms.ir,Cisco-Umbrella,legitimate,24
719,stgeorgedeckandfence.com,Majestic,legitimate,24
832,pathfind.org,Majestic,legitimate,12
167,assets.smartchoiceschools.com,Cisco-Umbrella,legitimate,29
467,jumptracker.com,Cisco-Umbrella,legitimate,15
216,marinelayer.com,Majestic,legitimate,15
464,stg-data-kh.ads.heytapmobile.com,Cisco-Umbrella,legitimate,32
40,twodesperados.com,Cisco-Umbrella,legitimate,17
485,blastscan.io,Majestic,legitimate,12
434,school-badges-and-trophies.co.uk,Majestic,legitimate,32
974,india.al-array.com,Cisco-Umbrella,legitimate,18
714,live-akc-prod-device.streaming.siriusxm.com,Cisco-Umbrella,legitimate,43
470,iuiumua.top,Majestic,legitimate,11
759,elycash.com,Majestic,legitimate,11
998,grabberportal.file.force.com,Cisco-Umbrella,legitimate,28
507,coveteur.com,Majestic,legitimate,12
319,itst.dk,Majestic,legitimate,7
793,rr1---sn-5go7yner.googlevideo.com,Cisco-Umbrella,legitimate,33
446,vislink.com,Majestic,legitimate,11
577,zhilianyungc.com,Majestic,legitimate,16
819,sylimai.com,Majestic,legitimate,11
966,media.usgovcloudapi.net,Cisco-Umbrella,legitimate,23
827,erma.eu,Majestic,legitimate,7
551,fundacionlaboral.org,Majestic,legitimate,20
583,info.foodpanda.co.th,Cisco-Umbrella,legitimate,20
835,yisuopifa.com,Majestic,legitimate,13
309,qagjlc.com,Majestic,legitimate,10
426,mrs.yimg.com,Cisco-Umbrella,legitimate,12
624,alecsoth.com,Majestic,legitimate,12
625,p-ause-pip-mgmt-rdgw.australiasoutheast.cloudapp.azure.com,Cisco-Umbrella,legitimate,58
282,myrepi.com,Majestic,legitimate,10
777,pukkaherbs.com,Majestic,legitimate,14
145,strety.com,Cisco-Umbrella,legitimate,10
982,ctrs.sm88n.net,Cisco-Umbrella,legitimate,14
72,media4.s-nbcnews.com,Cisco-Umbrella,legitimate,20
3,tvarenasport.com,Majestic,legitimate,16
343,gtmdoghq.oohmemiaomprooohmemiaessprofiles.api.us3.datadoghq.com,Cisco-Umbrella,legitimate,63
554,servicebus1043.mycybercns.com,Cisco-Umbrella,legitimate,29
449,r1---sn-tt1e7nlz.googlevideo.com,Cisco-Umbrella,legitimate,32
346,e327l.video-delivery.net,Cisco-Umbrella,legitimate,24
801,batch01.sched.sma.tdnsstic1.cn,Cisco-Umbrella,legitimate,30
817,cm2.lotlinx.com,Cisco-Umbrella,legitimate,15
713,nashvillesongwritersfoundation.com,Majestic,legitimate,34
479,abm.6sense.com,Cisco-Umbrella,legitimate,14
36,www.moneyhero.com.hk,Cisco-Umbrella,legitimate,20
305,hanoi.gov.vn,Majestic,legitimate,12
970,superunion.com,Majestic,legitimate,14
937,cukewqv.cn,Majestic,legitimate,10
129,innovationisrael.org.il,Majestic,legitimate,23
510,pptv5.boats,Majestic,legitimate,11
242,clicforum.com,Majestic,legitimate,13
50,chunlong1688.com,Majestic,legitimate,16
89,lmaleidykla.lt,Majestic,legitimate,14
197,app.net2phone.com,Cisco-Umbrella,legitimate,17
492,hotaugustnights.net,Majestic,legitimate,19
950,waupacafoundry.sharepoint.com,Cisco-Umbrella,legitimate,29
24,beian.gov.cn.iname.damddos.com,Cisco-Umbrella,legitimate,30
329,adusconstruction.com,Majestic,legitimate,20
960,sportendurance-evo.com,Majestic,legitimate,22
260,vuzdiploma.ru,Majestic,legitimate,13
69,visitbath.com,Majestic,legitimate,13
39,eva.ecwcloud.com,Cisco-Umbrella,legitimate,16
638,www.thesprucecrafts.com,Cisco-Umbrella,legitimate,23
493,189672-ipv4v6.gr.global.aa-rt.sharepoint.com,Cisco-Umbrella,legitimate,44
338,e7329.dscf.akamaiedge.net,Cisco-Umbrella,legitimate,25
560,www.kcrw.com,Cisco-Umbrella,legitimate,12
433,go-eu.trouter.teams.microsoft.com.mcas.ms,Cisco-Umbrella,legitimate,41
140,ariel.ac.il,Majestic,legitimate,11
173,cb12.net,Majestic,legitimate,8
379,warranty.zodiacpoolsystems.com,Cisco-Umbrella,legitimate,30
230,www.evotix.com,Cisco-Umbrella,legitimate,14
278,www.aripartnerconnect.com,Cisco-Umbrella,legitimate,25
336,test-az-ade.pantheonsite.io,Cisco-Umbrella,legitimate,27
746,advantagenews.com,Majestic,legitimate,17
477,deutschecasinosonline.net,Majestic,legitimate,25
589,wij-techniek.nl,Majestic,legitimate,15
679,jswh999.com,Majestic,legitimate,11
49,rmscloud.com,Majestic,legitimate,12
586,mindswarms.com,Majestic,legitimate,14
354,extragsm.ro,Majestic,legitimate,11
120,mattgreer.org,Majestic,legitimate,13
153,tstudio.navitor.com,Cisco-Umbrella,legitimate,19
461,digitoygames.com,Cisco-Umbrella,legitimate,16
272,artios.io,Majestic,legitimate,9
414,simplydiscus.com,Majestic,legitimate,16
875,farmtofeet.com,Majestic,legitimate,14
856,eleuthera.it,Majestic,legitimate,12
334,imgproxylb.msitp2.owa-imageproxy.westeurope-msit.cosmic.office.net,Cisco-Umbrella,legitimate,66
212,pod-000-1118-13.backblaze.com,Cisco-Umbrella,legitimate,29
987,nwciowa.edu,Majestic,legitimate,11
955,magnetautolift.com,Majestic,legitimate,18
74,www.arkansasbluecross.com,Cisco-Umbrella,legitimate,25
758,nuis.ac.jp,Majestic,legitimate,10
591,whqxmqm.cn,Majestic,legitimate,10
762,rr18---sn-3c27sn76.googlevideo.com,Cisco-Umbrella,legitimate,34
744,hrt-foto.hu,Majestic,legitimate,11
270,cinemacity.co.jp,Majestic,legitimate,16
392,startsuper.nl,Majestic,legitimate,13
16,aarohamresorts.com,Majestic,legitimate,18
601,streetracingnew1.gametosite.com,Cisco-Umbrella,legitimate,31
640,static.texassports.com,Cisco-Umbrella,legitimate,22
453,pensionplanpuppets.com,Majestic,legitimate,22
77,turku.fi,Majestic,legitimate,8
191,grtever.com,Majestic,legitimate,11
317,australiabikinis.com,Majestic,legitimate,20
565,www.rubios.com,Cisco-Umbrella,legitimate,14
104,cihsa-my.sharepoint.com,Cisco-Umbrella,legitimate,23
321,app-analytics-v2.snapchat.com,Cisco-Umbrella,legitimate,29
702,503.xg4ken.com,Cisco-Umbrella,legitimate,14
540,z2.loggos.liveperson.net,Cisco-Umbrella,legitimate,24
255,spacesimcentral.com,Majestic,legitimate,19
21,rebelmouse.net,Cisco-Umbrella,legitimate,14
411,www.rapidfilestorage.com,Cisco-Umbrella,legitimate,24
785,szd-online.com,Majestic,legitimate,14
526,bg-mania.jp,Majestic,legitimate,11
788,online.autodesk.com,Cisco-Umbrella,legitimate,19
741,stupeni-lyceum.ru,Majestic,legitimate,17
22,garagedreams.net,Majestic,legitimate,16
697,optimumliquor.com,Majestic,legitimate,17
466,shopiloo.ir.pishbordgroup.com.ahmc.ir.idealand1.ir.tourlin.com.kisc.ir.banerkala.ir.aqc.ir.vbayati.ir.buysalestore.ir.nfus.ir.yafta-mobl.ir.rentija.com.rademaker.ir.abadisholding.com.esaving.ir.tiptopshoesali.online,Cisco-Umbrella,legitimate,215
118,essayhelpset.com,Majestic,legitimate,16
723,nxone.com,Cisco-Umbrella,legitimate,9
555,down-bs-vn.img.susercontent.com,Cisco-Umbrella,legitimate,31
988,spcmp.crosswordsolver.com,Cisco-Umbrella,legitimate,25
85,beneo.com,Majestic,legitimate,9
383,getxplay.ru,Majestic,legitimate,11
606,macrokegekaness-unureged.name,Cisco-Umbrella,legitimate,29
566,eraltd.org,Majestic,legitimate,10
692,ncpenda.com,Majestic,legitimate,11
725,artibot.ai,Cisco-Umbrella,legitimate,10
670,e-mansion.com,Majestic,legitimate,13
812,saham.news,Majestic,legitimate,10
911,eastcobbnews.com,Majestic,legitimate,16
303,oneclick.bg,Majestic,legitimate,11
733,disruptorbeam.com,Majestic,legitimate,17
681,admithub.com,Majestic,legitimate,12
778,keyloop.io,Cisco-Umbrella,legitimate,10
549,assistivetech.net,Majestic,legitimate,17
886,kuranyi.com,Majestic,legitimate,11
698,esu.k12.oh.us,Cisco-Umbrella,legitimate,13
964,engage-fp.ajc.com,Cisco-Umbrella,legitimate,17
304,wqlifestyle.com,Majestic,legitimate,15
189,cna.com.tw,Majestic,legitimate,10
66,umsa.edu.ar,Majestic,legitimate,11
266,pz0036.com,Majestic,legitimate,10
160,ahdajin.com,Majestic,legitimate,11
615,semog.ee,Majestic,legitimate,8
294,unioncc.instructure.com,Cisco-Umbrella,legitimate,23
879,moda.com.pe,Majestic,legitimate,11
768,userintel.prod.sp.aws.clarivate.net,Cisco-Umbrella,legitimate,35
93,rr7---sn-8xgp1vo-a5me.gvt1.com,Cisco-Umbrella,legitimate,30
264,bmibaby.com,Majestic,legitimate,11
154,inkforall.com,Majestic,legitimate,13
761,canpages.ca,Majestic,legitimate,11
961,widget.calendar.moderncampus.net,Cisco-Umbrella,legitimate,32
999,webgp.com,Majestic,legitimate,9
406,ed1txcb88501.webex.com,Cisco-Umbrella,legitimate,22
924,ah-staging-admin-eus-aks.uipath.com,Cisco-Umbrella,legitimate,35
807,nba-jersey.com,Majestic,legitimate,14
707,zxwzkvuz.cn,Majestic,legitimate,11
563,educrea.cl,Majestic,legitimate,10
441,eoje.fa.us2.oraclecloud.com,Cisco-Umbrella,legitimate,27
730,8133313.fls.doubleclick.net,Cisco-Umbrella,legitimate,27
627,doxycycline.sbs,Majestic,legitimate,15
529,dimex.ws,Majestic,legitimate,8
31,anger-ec.com,Majestic,legitimate,12
621,wilddoughnut.net,Majestic,legitimate,16
202,schloss-tempelhof.de,Majestic,legitimate,20
594,6.vikiplatform.com,Cisco-Umbrella,legitimate,18
769,amghmuz.cn,Majestic,legitimate,10
863,marmarisescortara.com,Majestic,legitimate,21
342,glory.co.jp,Majestic,legitimate,11
195,scontent.fpnh10-1.fna.fbcdn.net,Cisco-Umbrella,legitimate,31
919,disulfiramtabs.online,Majestic,legitimate,21
427,www.motherscookies.com,Cisco-Umbrella,legitimate,22
350,nfd.com.tr,Majestic,legitimate,10
1,quintadonoval.com,Majestic,legitimate,17
11,coveto.de,Majestic,legitimate,9
889,klmetals.com,Majestic,legitimate,12
126,images.response.rockwellautomation.com,Cisco-Umbrella,legitimate,38
132,cac-word-view.wac.trafficmanager.net.wac-0003.wac-dc-msedge.net.wac-0003.wac-msedge.net,Cisco-Umbrella,legitimate,87
587,edge.microsoft.com,Cisco-Umbrella,legitimate,18
159,iho100.com,Majestic,legitimate,10
532,firstfocus.com.au,Cisco-Umbrella,legitimate,17
877,portlavacawave.com,Majestic,legitimate,18
71,kprqwn.top,Majestic,legitimate,10
729,cablequote.net,Majestic,legitimate,14
958,etudbilgisayar.com,Majestic,legitimate,18
276,picserver1.eu-central-1.eu.mdxprod.io,Cisco-Umbrella,legitimate,37
394,ahbaoyuan.com,Majestic,legitimate,13
502,techdirectarchive.com,Majestic,legitimate,21
509,gzszks.com,Majestic,legitimate,10
513,oe.digitoygames.com,Cisco-Umbrella,legitimate,19
755,jinzunmachine.com,Majestic,legitimate,17
78,feldgrau.com,Majestic,legitimate,12
668,static.imyfone.com,Cisco-Umbrella,legitimate,18
231,pediaa.com,Majestic,legitimate,10
948,handyplugins.co,Majestic,legitimate,15
541,yohurud.top,Majestic,legitimate,11
13,fllt.org,Majestic,legitimate,8
373,provider.amainsure.com,Cisco-Umbrella,legitimate,22
617,a1361.us.akamai.net,Cisco-Umbrella,legitimate,19
639,1inchwallet.app,Majestic,legitimate,15
726,swe68.sfdc-cehfhs.salesforce.com,Cisco-Umbrella,legitimate,32
678,pub-ent-krce-04.ic3-edf-trouter.koreacentral-prod.cosmic.office.net,Cisco-Umbrella,legitimate,67
360,2cool2.be,Majestic,legitimate,9
536,ioxapp.net,Cisco-Umbrella,legitimate,10
632,bibelselskabet.dk,Majestic,legitimate,17
582,sigaccess.org,Majestic,legitimate,13
2,nomadfactory.com,Majestic,legitimate,16
421,flow-apim-europe-001-westeurope-01.azure-apim.net,Cisco-Umbrella,legitimate,49
315,external-media96.public.wsydm-a-2.prod.infra.webex.com,Cisco-Umbrella,legitimate,54
161,sergio-ramosbr.biz,Majestic,legitimate,18
54,chinawater.net.cn,Majestic,legitimate,17
86,ebaumsworld.com,Majestic,legitimate,15
237,accountsettings.ebay.com,Cisco-Umbrella,legitimate,24
626,uhedxhg.cn,Majestic,legitimate,10
494,clothvilla.com,Majestic,legitimate,14
459,app.uk.sheassure.net,Cisco-Umbrella,legitimate,20
110,paragard.com,Majestic,legitimate,12
335,media.fpei2-2.fna.whatsapp.net,Cisco-Umbrella,legitimate,30
611,test.pisces.bbystatic.com.edgekey.net,Cisco-Umbrella,legitimate,37
954,rms1bac-femto.ct.ee.co.uk,Cisco-Umbrella,legitimate,25
752,teknogadyet.com,Majestic,legitimate,15
217,dafbetasia.com,Majestic,legitimate,14
222,ningxiangrencai.com,Majestic,legitimate,19
675,utrecht-monitor.nl,Majestic,legitimate,18
357,meghamalik.com,Majestic,legitimate,14
117,nbkangxu.com,Majestic,legitimate,12
505,o90235.ingest.sentry.io,Cisco-Umbrella,legitimate,23
852,i-services.net,Majestic,legitimate,14
506,roland-rechtsschutz.de,Majestic,legitimate,22
908,secure.ilsmart.com,Cisco-Umbrella,legitimate,18
986,botterweg.com,Majestic,legitimate,13
454,culturadecantabria.com,Majestic,legitimate,22
546,hogarthprod.jamfcloud.com,Cisco-Umbrella,legitimate,25
112,rr8---sn-8qj-i5ozr.gvt1.com,Cisco-Umbrella,legitimate,27
269,rr4---sn-j5caxoxu-pn2d.googlevideo.com,Cisco-Umbrella,legitimate,38
42,thekitchenmagpie.com,Majestic,legitimate,20
295,expert.pennymac.com,Cisco-Umbrella,legitimate,19
969,se3sir-gcdsdk.appsflyersdk.com,Cisco-Umbrella,legitimate,30
593,pnptelemetry.azurewebsites.net,Cisco-Umbrella,legitimate,30
782,dmv.state.pa.us,Cisco-Umbrella,legitimate,15
732,ns1-04.ppe.azure-dns.com,Cisco-Umbrella,legitimate,24
91,com.00dg0000000j9jqmai.live.siteforce.com,Cisco-Umbrella,legitimate,41
130,video.adsafeprotected.com,Cisco-Umbrella,legitimate,25
926,download.avira.com,Cisco-Umbrella,legitimate,18
103,ins.gov.co,Majestic,legitimate,10
754,msefi.com,Majestic,legitimate,9
352,cybersalt.org,Majestic,legitimate,13
48,nidcom.gov.ng,Majestic,legitimate,13
822,bristolmyerssquibb.sc.omtrdc.net,Cisco-Umbrella,legitimate,32
867,openshareweb.com,Cisco-Umbrella,legitimate,16
820,teamdeutschland-paralympics.de,Majestic,legitimate,30
674,jinanrunju.com,Majestic,legitimate,14
284,malloneinvestigators.com,Majestic,legitimate,24
35,ifhost.flvs.net,Cisco-Umbrella,legitimate,15
873,c.bellesa.co,Cisco-Umbrella,legitimate,12
147,www.timberland.com,Cisco-Umbrella,legitimate,18
419,zwst.org,Majestic,legitimate,8
750,bestcasepropertygroup.com,Majestic,legitimate,25
302,www.easyllama.com,Cisco-Umbrella,legitimate,17
6,oslosportslager.no,Majestic,legitimate,18
298,anikhabar.ir,Majestic,legitimate,12
119,appconf-ocs.heytapdownload.com,Cisco-Umbrella,legitimate,30
518,cardu.com.tw,Majestic,legitimate,12
977,gornoesp.ru,Majestic,legitimate,11
837,gamecamp.gg,Majestic,legitimate,11
280,scmengla.cn,Majestic,legitimate,11
384,insurance.ripplingcdn.com,Cisco-Umbrella,legitimate,25
176,498-upi-364.mktoresp.com,Cisco-Umbrella,legitimate,24
775,zonaumeni.cz,Majestic,legitimate,12
683,campamedbil.se,Majestic,legitimate,14
528,asprtc.paperless.com.co,Cisco-Umbrella,legitimate,23
344,electro-acupuncturemedicine.com,Majestic,legitimate,31
951,efirstbank.appiancloud.com,Cisco-Umbrella,legitimate,26
590,waws-prod-bay-011.westus.cloudapp.azure.com,Cisco-Umbrella,legitimate,43
957,thedataliteracyproject.org,Majestic,legitimate,26
645,redfieldstavern.com,Majestic,legitimate,19
709,hello-ixm6jhfnca-uw.a.run.app,Cisco-Umbrella,legitimate,29
19,ege.sdamgia.ru,Cisco-Umbrella,legitimate,14
0,apaceast.cloudguest.central.arubanetworks.com,Cisco-Umbrella,legitimate,45
816,www.factorywarrantylist.com,Cisco-Umbrella,legitimate,27
111,ifitinc.sjv.io,Cisco-Umbrella,legitimate,14
261,airlinkss.top,Cisco-Umbrella,legitimate,13
235,lowfuelmotorsport.com,Cisco-Umbrella,legitimate,21
979,livemek.com,Majestic,legitimate,11
67,fensterbau-ratgeber.de,Majestic,legitimate,22
718,tsspa.sharepoint.com,Cisco-Umbrella,legitimate,20
657,gaamovie.cn,Majestic,legitimate,11
444,cartoonhangover.com,Majestic,legitimate,19
473,shadertoy.com,Majestic,legitimate,13
381,227.dese.com,Cisco-Umbrella,legitimate,12
460,stevewyborney.com,Cisco-Umbrella,legitimate,17
921,ga-mobile-api.loklok.tv,Cisco-Umbrella,legitimate,23
462,betflixfree.net,Majestic,legitimate,15
224,stunewslaguna.com,Majestic,legitimate,17
573,rr4---sn-2uja-3ip6.gvt1.com,Cisco-Umbrella,legitimate,27
552,image.email.clarks.com,Cisco-Umbrella,legitimate,22
20,stamp0-fd.prod.athena.msrareservices.com,Cisco-Umbrella,legitimate,40
263,awesomedice.com,Majestic,legitimate,15
897,internal-api.campminder.com,Cisco-Umbrella,legitimate,27
802,staging.gopayapi.com,Cisco-Umbrella,legitimate,20
538,sofasound.com,Majestic,legitimate,13
349,autodiscover.itctransco.com,Cisco-Umbrella,legitimate,27
30,tigermuaythai.com,Majestic,legitimate,17
158,cluster203.canvas-user-content.com,Cisco-Umbrella,legitimate,34
634,libdex.com,Majestic,legitimate,10
366,financialforce.okta.com,Cisco-Umbrella,legitimate,23
333,widgets.justgiving.com,Cisco-Umbrella,legitimate,22
953,obs-dryanovo.com,Majestic,legitimate,16
431,www.alternet.org,Cisco-Umbrella,legitimate,16
32,p16-heycan-va.ibyteimg.com,Cisco-Umbrella,legitimate,26
292,nystec-meeting.webex.com,Cisco-Umbrella,legitimate,24
869,648a9dee36be814e9b14e46c.config.smooch.io,Cisco-Umbrella,legitimate,41
972,toshiba.com,Majestic,legitimate,11
23,rr5---sn-cu-aigss.googlevideo.com,Cisco-Umbrella,legitimate,33
580,na.prod.t100.ter.int.amazonvideo.com,Cisco-Umbrella,legitimate,36
600,data.ad-score.com,Cisco-Umbrella,legitimate,17
558,cruyff-foundation.org,Majestic,legitimate,21
310,heal-nature.com,Majestic,legitimate,15
753,oalcoalruff.com,Cisco-Umbrella,legitimate,15
833,mister-baseball.com,Majestic,legitimate,19
407,horsecity.com,Majestic,legitimate,13
143,urstal.pl,Majestic,legitimate,9
38,arnolditkin.com,Majestic,legitimate,15
574,img-cdn001.akamaized.net,Cisco-Umbrella,legitimate,24
525,cname-production-glb-tracking.spapi.io,Cisco-Umbrella,legitimate,38
757,im.xueqiu.com,Cisco-Umbrella,legitimate,13
412,essent.be,Majestic,legitimate,9
843,wherezit.com,Majestic,legitimate,12
913,kiocloudcore-us-central-1.service.signalr.net,Cisco-Umbrella,legitimate,45
880,out-of-sync-child.com,Majestic,legitimate,21
258,alraqeem.ae,Majestic,legitimate,11
701,adentech.com.tr,Majestic,legitimate,15
756,time-for-time.com,Majestic,legitimate,17
557,nautilusbookawards.com,Majestic,legitimate,22
312,xm662.cn,Majestic,legitimate,8
169,gbap.de,Majestic,legitimate,7
437,static.leasequery.com,Cisco-Umbrella,legitimate,21
265,cooldrawingidea.com,Majestic,legitimate,19
901,us-central1-firebase-yamm1.cloudfunctions.net,Cisco-Umbrella,legitimate,45
700,nhmnhyq.cn,Majestic,legitimate,10
73,brand-innovators.com,Majestic,legitimate,20
703,r2---sn-cn3tc-aigy.googlevideo.com,Cisco-Umbrella,legitimate,34
45,couchsrvnation.com,Majestic,legitimate,18
605,elektrona.cz,Majestic,legitimate,12
410,business.equalsmoney.com,Cisco-Umbrella,legitimate,24
368,asm.my.redcanary.co,Cisco-Umbrella,legitimate,19
131,precoro.com,Majestic,legitimate,11
655,f.loca.amberweather.com,Cisco-Umbrella,legitimate,23
909,signal2.roll20.net,Cisco-Umbrella,legitimate,18
689,cluster350.canvas-user-content.com,Cisco-Umbrella,legitimate,34
695,dbgo.de,Majestic,legitimate,7
363,as.fontsheader.com,Cisco-Umbrella,legitimate,18
847,vd444.mycdn.me,Cisco-Umbrella,legitimate,14
327,3.formlabs.pool.ntp.org,Cisco-Umbrella,legitimate,23
523,betflix828.top,Majestic,legitimate,14
764,tranhdaquychicuong.com,Majestic,legitimate,22
213,antmedia.io,Majestic,legitimate,11
442,streamdb8web.securenetsystems.net,Cisco-Umbrella,legitimate,33
139,74958b0edc9f4010b25b6171215c4924.ec.azureedge.net,Cisco-Umbrella,legitimate,49
253,a2261.casalemedia.com,Cisco-Umbrella,legitimate,21
949,pp.topgblzzz.com,Cisco-Umbrella,legitimate,16
123,ads-config.unityads.unity3d.com,Cisco-Umbrella,legitimate,31
511,eternalvideos.com,Majestic,legitimate,17
866,mediaupdatez.com,Majestic,legitimate,16
56,imengine.editorial.prod.rgb.navigacloud.com,Cisco-Umbrella,legitimate,43
198,lesbiandatingsite.net,Majestic,legitimate,21
291,go.mobileinventor.com,Cisco-Umbrella,legitimate,21
989,ruilongcanyin.com,Majestic,legitimate,17
208,emc-mee.com,Majestic,legitimate,11
420,info.waxie.com,Cisco-Umbrella,legitimate,14
892,internal.aig.com,Cisco-Umbrella,legitimate,16
931,hlszmw.cn,Majestic,legitimate,9
522,xrwkmall.com,Majestic,legitimate,12
721,utilitalia.it,Majestic,legitimate,13
83,teachingbanyan.com,Majestic,legitimate,18
324,xiuxiu.meitu.com.baishan-cloud.net,Cisco-Umbrella,legitimate,34
527,virtualofficesystems.biz,Majestic,legitimate,24
436,aws37-av-02.apac.thermo.com,Cisco-Umbrella,legitimate,27
850,mnc010.mcc208.pub.3gppnetwork.org,Cisco-Umbrella,legitimate,33
643,exchangelabs.com.multi.uribl.com,Cisco-Umbrella,legitimate,32
857,co.in.fresh.fmb.la,Cisco-Umbrella,legitimate,18
76,bxhymyzx.com,Majestic,legitimate,12
10,trentemoller.com,Majestic,legitimate,16
382,diploman-russiyan.ru,Majestic,legitimate,20
853,q9.itc.cn.w.cdngslb.com,Cisco-Umbrella,legitimate,23
842,canadabassfishing.com,Majestic,legitimate,21
929,donrta.ru,Majestic,legitimate,9
747,dev.zhaopin.com,Cisco-Umbrella,legitimate,15
228,imobiliarebri.ro,Majestic,legitimate,16
457,cdshuntu.com,Majestic,legitimate,12
174,nanhushi.com,Majestic,legitimate,12
290,saintlukebc.org,Majestic,legitimate,15
482,tfc.com,Majestic,legitimate,7
200,a639.dscw80.akamai.net,Cisco-Umbrella,legitimate,22
448,derp7c.tailscale.com,Cisco-Umbrella,legitimate,20
914,shellandthecity.com,Majestic,legitimate,19
996,nmdp.mastercontrol.com,Cisco-Umbrella,legitimate,22
629,andata.ru,Cisco-Umbrella,legitimate,9
690,fetch.news,Majestic,legitimate,10
499,designreviver.com,Majestic,legitimate,17
14,revn.jp,Majestic,legitimate,7
934,satchmo.net,Majestic,legitimate,11
289,zenbusiness-dataplane.rudderstack.com,Cisco-Umbrella,legitimate,37
907,resources.bamboohr.com,Cisco-Umbrella,legitimate,22
168,ipv4.az3.or.diag.t-mobile.com,Cisco-Umbrella,legitimate,29
149,evergent.com,Cisco-Umbrella,legitimate,12
163,capitalbio.ga,Majestic,legitimate,13
341,merino-images.services.mozilla.com,Cisco-Umbrella,legitimate,34
114,gpstracks.nl,Majestic,legitimate,12
307,fskp2-1.fna.fbcdn.net,Cisco-Umbrella,legitimate,21
125,aws-usw2-prod.daas-prod.rc.rcluster.io,Cisco-Umbrella,legitimate,38
367,app.mokahr.com,Cisco-Umbrella,legitimate,14
150,3573732.fls.doubleclick.net,Cisco-Umbrella,legitimate,27
774,hncwiremesh.com,Majestic,legitimate,15
826,publixo365.sharepoint.com,Cisco-Umbrella,legitimate,25
568,herofield.com,Majestic,legitimate,13
973,brency.com,Majestic,legitimate,10
971,cqyice.com,Majestic,legitimate,10
388,zrdfepirv2bn6prdstr04a.blob.core.windows.net,Cisco-Umbrella,legitimate,44
722,cellularworld.net,Cisco-Umbrella,legitimate,17
967,dasmysites.iowa.gov,Cisco-Umbrella,legitimate,19
17,gccbusinessnews.com,Majestic,legitimate,19
34,gateway.myorganicapps.com,Cisco-Umbrella,legitimate,25
978,memherm.sharepoint.com,Cisco-Umbrella,legitimate,22
898,sfhs.com,Majestic,legitimate,8
765,11281251.fls.doubleclick.net,Cisco-Umbrella,legitimate,28
471,sol.com.au,Majestic,legitimate,10
751,listing-images.homejunction.com,Cisco-Umbrella,legitimate,31
825,vbgjcnqcyyw7.statuspage.io,Cisco-Umbrella,legitimate,26
322,doccenter-edge-prod-ibm-us-east-otter.seismic.com,Cisco-Umbrella,legitimate,49
936,icariaeditorial.com,Majestic,legitimate,19
268,marketing.max.com,Cisco-Umbrella,legitimate,17
170,vip.prod.del01.clover.com,Cisco-Umbrella,legitimate,25
620,ndhsaanow.com,Majestic,legitimate,13
288,bn8prdstr04a.store.core.windows.net,Cisco-Umbrella,legitimate,35
543,swcsite1.net,Cisco-Umbrella,legitimate,12
771,primushomecare.com,Majestic,legitimate,18
630,www2.homegoods.com.edgekey.net,Cisco-Umbrella,legitimate,30
221,globalgraphics.com,Majestic,legitimate,18
300,losvc.alibaba-inc.com,Cisco-Umbrella,legitimate,21
851,sdlvju.com,Majestic,legitimate,10
483,edge-111.usuyk1.icloud-content.com,Cisco-Umbrella,legitimate,34
715,swissarbitration.org,Majestic,legitimate,20
391,drywallkelowna.com,Majestic,legitimate,18
101,live-cx365-pm.crm11.dynamics.com,Cisco-Umbrella,legitimate,32
888,supertracker.net,Cisco-Umbrella,legitimate,16
316,b17.ru,Majestic,legitimate,6
87,career4.successfactors.com,Cisco-Umbrella,legitimate,26
824,rhianna.top,Majestic,legitimate,11
279,f5networksglobalprod.122.2o7.net,Cisco-Umbrella,legitimate,32
364,hydraruzxpnew4aff.ru,Majestic,legitimate,20
259,procolleges.com,Majestic,legitimate,15
872,drawmap-cdn.flexmls.com,Cisco-Umbrella,legitimate,23
489,identity.joyclub.com,Cisco-Umbrella,legitimate,20
608,part-ras-gateway-santamonica-split.redbull.com,Cisco-Umbrella,legitimate,46
900,datadoghq.app2-oohmediaomprooohmediaessprofiles.us3.datadoghq.datadoghq-enoohmediarypted.datadoghq.img.oohmediaomprooohmediaessprofiles.datadoghq.oohmediaomprooohmediaesspage.api.us3.datadoghq.com,Cisco-Umbrella,legitimate,196
226,rr1---sn-uvu5a2a5t-hutz.googlevideo.com,Cisco-Umbrella,legitimate,39
710,project.samsungengineering.com,Cisco-Umbrella,legitimate,30
219,aba.gov.au,Majestic,legitimate,10
841,onward.on.com,Cisco-Umbrella,legitimate,13
53,szbigbay.com,Majestic,legitimate,12
432,rr1---sn-hoa7kn7z.googlevideo.com,Cisco-Umbrella,legitimate,33
828,economicrt.org,Majestic,legitimate,14
737,us-central1-recruitology-app.cloudfunctions.net,Cisco-Umbrella,legitimate,47
766,huroncounty.ca,Majestic,legitimate,14
475,eprc.com.hk,Cisco-Umbrella,legitimate,11
353,lchb.sf-api.com,Cisco-Umbrella,legitimate,15
652,optimizely.wsj.com,Cisco-Umbrella,legitimate,18
390,lp1.usagi.srv.nintendo.net,Cisco-Umbrella,legitimate,26
704,v6447086.vps18.u.avcdn.net,Cisco-Umbrella,legitimate,26
981,ewr-145.ewr-rtb1.rfihub.com,Cisco-Umbrella,legitimate,27
374,workingcopy.app,Majestic,legitimate,15
365,climatemayors.org,Majestic,legitimate,17
592,www.clayandbuck.com,Cisco-Umbrella,legitimate,19
84,perfectchrono.co,Majestic,legitimate,16
858,modeles-cv.fr,Majestic,legitimate,13
618,api.swattracking.com,Cisco-Umbrella,legitimate,20
650,pompanobeachfl.gov,Majestic,legitimate,18
724,hk.sports.yahoo.com,Cisco-Umbrella,legitimate,19
938,swedenrock.com,Majestic,legitimate,14
490,wcta.net,Cisco-Umbrella,legitimate,8
271,nederlandseradio.nl,Majestic,legitimate,19
468,fangbianw.com,Majestic,legitimate,13
251,gainful.com,Majestic,legitimate,11
813,smartlibris.com,Majestic,legitimate,15
179,metacompus.com,Majestic,legitimate,14
331,prod-mkt-gateway.mindbody.io.cdn.cloudflare.net,Cisco-Umbrella,legitimate,47
244,yuanbf888.com,Majestic,legitimate,13
262,saintpatrickdc.org,Majestic,legitimate,18
803,www.societe-des-avis-garantis.fr,Cisco-Umbrella,legitimate,32
472,edge-206.gbslo5.icloud-content.com,Cisco-Umbrella,legitimate,34
194,kst.com.vn,Majestic,legitimate,10
861,a1467.b.akamai.net,Cisco-Umbrella,legitimate,18
770,glhmakw.cn,Majestic,legitimate,10
121,sable.asia,Cisco-Umbrella,legitimate,10
296,e9056.b.akamaiedge.net,Cisco-Umbrella,legitimate,22
205,niikei.jp,Majestic,legitimate,9
727,nscs.org,Majestic,legitimate,8
848,osiprod-jpe-flax-azsc-000.japaneast.cloudapp.azure.com,Cisco-Umbrella,legitimate,54
792,extremesexnicetube.top,Majestic,legitimate,22
903,globebrand.com,Majestic,legitimate,14
9,yourdailydish.com,Majestic,legitimate,17
829,ssp-rtb-asrv403.sape.ru,Cisco-Umbrella,legitimate,23
415,physxrx.com,Cisco-Umbrella,legitimate,11
612,orsped.cascadetech.org,Cisco-Umbrella,legitimate,22
925,opensourcecinema.org,Majestic,legitimate,20
604,alexandertechnique.com,Majestic,legitimate,22
794,ukraineinvest.gov.ua,Majestic,legitimate,20
172,thankyou.co,Majestic,legitimate,11
940,cartoonart.org,Majestic,legitimate,14
409,ha.nih.gov,Cisco-Umbrella,legitimate,10
902,nilegroupofcompanies.com,Majestic,legitimate,24
647,oohmediaomprooohmediaessprofiles.gisdoghq.oohmediaomprooohmediaesspage.api.us3.datadoghq.com,Cisco-Umbrella,legitimate,92
474,hrcncmachining.com,Majestic,legitimate,18
246,triniti-tsc.ru,Majestic,legitimate,14
894,teamnet.us10.list-manage.com,Cisco-Umbrella,legitimate,28
80,wits.ac.za,Majestic,legitimate,10
61,asienhaus.de,Majestic,legitimate,12
378,duodwl.cn,Majestic,legitimate,9
673,get.google.com,Cisco-Umbrella,legitimate,14
669,safer-print.com,Majestic,legitimate,15
405,usw1-secure.smartadserver.com,Cisco-Umbrella,legitimate,29
144,2.aerohive.ntp.pool.org,Cisco-Umbrella,legitimate,23
428,c-tiles.locationiq.com,Cisco-Umbrella,legitimate,22
229,mdnotificationservice.azurewebsites.net,Cisco-Umbrella,legitimate,39
65,accessa.cxq.aetna.com,Cisco-Umbrella,legitimate,21
98,damiancullenband.com,Majestic,legitimate,20
691,snooker.org,Majestic,legitimate,11
623,m.n11.com,Cisco-Umbrella,legitimate,9
667,rr4---sn-5ualdnll.gvt1.com,Cisco-Umbrella,legitimate,26
846,incident24.com,Majestic,legitimate,14
450,langouss.com,Majestic,legitimate,12
739,endlessos.org,Majestic,legitimate,13
995,timothytaylor.co.uk,Majestic,legitimate,19
18,accounting-simplified.com,Majestic,legitimate,25
37,apaclassics.org,Majestic,legitimate,15
787,zipcpu.com,Majestic,legitimate,10
539,paincarelabs.com,Majestic,legitimate,16
834,5882-ipv4v6e.clump.dprodmgd105.aa-rt.sharepoint.com,Cisco-Umbrella,legitimate,51
985,mailorder-bride.org,Majestic,legitimate,19
146,eximha.ch,Majestic,legitimate,9
188,uat-smarterhealth.fwd.com,Cisco-Umbrella,legitimate,25
862,presso-inn.com,Majestic,legitimate,14
141,texasloanstar.net,Majestic,legitimate,17
491,prod-portal-g6dtgna2hzcqe0hq.z01.azurefd.net,Cisco-Umbrella,legitimate,44
619,pier1.com,Majestic,legitimate,9
79,muenkel.eu,Majestic,legitimate,10
274,reagan.com,Majestic,legitimate,10
417,destinypublic1.eastus2.cloudapp.azure.com,Cisco-Umbrella,legitimate,41
308,assets.sdcdn.io,Cisco-Umbrella,legitimate,15
686,telescope.realpage.com,Cisco-Umbrella,legitimate,22
855,swsnzw.cn,Majestic,legitimate,9
637,maghrebtours.com,Majestic,legitimate,16
63,api.braintreegateway.com,Cisco-Umbrella,legitimate,24
102,bc.whrq.whoer.net,Cisco-Umbrella,legitimate,17
162,establishedandsons.com,Majestic,legitimate,22
26,www.franchising.com,Cisco-Umbrella,legitimate,19
596,erin.ns.cloudflare.com,Cisco-Umbrella,legitimate,22
286,autodiscover.hermesuk.mail.onmicrosoft.com,Cisco-Umbrella,legitimate,42
735,external-media56.public.wjfkm-a-3.prod.infra.webex.com,Cisco-Umbrella,legitimate,54
576,thewallgroup.com,Majestic,legitimate,16
628,webextank-seqlog.webquake.com,Cisco-Umbrella,legitimate,29
413,semprefamilia.com.br,Majestic,legitimate,20
636,e203711.dscx.akamaiedge.net,Cisco-Umbrella,legitimate,27
881,homelidays.com,Majestic,legitimate,14
968,my.geotab.com,Cisco-Umbrella,legitimate,13
500,pastperfect-online.com,Majestic,legitimate,22
248,rsac.com,Majestic,legitimate,8
425,vavada.net.az,Majestic,legitimate,13
917,acetool.com,Majestic,legitimate,11
906,ncfh.org,Majestic,legitimate,8
716,onlinemarketing.nl,Majestic,legitimate,18
199,arm.highspot.com,Cisco-Umbrella,legitimate,16
236,fbsolutions.ru,Majestic,legitimate,14
808,loguploads.punchh.com,Cisco-Umbrella,legitimate,21
59,landwercafe.co.il,Majestic,legitimate,17
135,literary-arts.org,Majestic,legitimate,17
423,broker1.mil3.prod.zpath.net,Cisco-Umbrella,legitimate,27
75,socialcatfish.com,Majestic,legitimate,17
233,virl.info,Cisco-Umbrella,legitimate,9
651,factor55.com,Majestic,legitimate,12
779,rolexsanonproduction1msfr6g52.analytics.org.coveo.com,Cisco-Umbrella,legitimate,53
116,highstreet.market,Majestic,legitimate,17
963,arrowpos.com,Cisco-Umbrella,legitimate,12
314,n9ink.net,Majestic,legitimate,9
584,66356315.global.siteimproveanalytics.io,Cisco-Umbrella,legitimate,39
301,ipv4-c036-man001-virginmedia-isp.1.oca.nflxvideo.net,Cisco-Umbrella,legitimate,52
62,intake.education,Majestic,legitimate,16
796,cdn.spoketraining.com,Cisco-Umbrella,legitimate,21
81,fosu2-1.fna.fbcdn.net,Cisco-Umbrella,legitimate,21
595,ahrefs.com,Majestic,legitimate,10
823,71705.log-us.wisdm.network,Cisco-Umbrella,legitimate,26
210,xtsygw.cn,Majestic,legitimate,9
602,carnetjove.cat,Majestic,legitimate,14
962,sc.pages07.net,Cisco-Umbrella,legitimate,14
96,discreet.com,Majestic,legitimate,12
544,petrodelta.com,Cisco-Umbrella,legitimate,14
530,usairguitar.com,Majestic,legitimate,15
992,control.hpwolf.com,Cisco-Umbrella,legitimate,18
60,d3vcloud.com,Cisco-Umbrella,legitimate,12
257,6812349.com,Majestic,legitimate,11
659,hisense.de,Majestic,legitimate,10
579,mcdir.ru,Majestic,legitimate,8
435,dixielandfestival-dresden.com,Majestic,legitimate,29
772,897f0238-bf6d-4a66-1.pp.us-west-2.cmds-tachyon.com,Cisco-Umbrella,legitimate,50
868,renren-inc.com,Majestic,legitimate,14
138,monclerjacketsuk.co.uk,Majestic,legitimate,22
249,iorder.com.au,Majestic,legitimate,13
806,gramvaani.org,Majestic,legitimate,13
429,family-historian.co.uk,Majestic,legitimate,22
790,ipv6.chinacdn.nespresso.com.edgekey.net,Cisco-Umbrella,legitimate,39
641,filmfodder.com,Majestic,legitimate,14
293,iquebec.com,Majestic,legitimate,11
88,nrronline.org,Majestic,legitimate,13
749,airnewzealandnewsroom.com,Majestic,legitimate,25
705,lociwear.com,Majestic,legitimate,12
487,epx-enterpriseproxy-2.d03-004.ic3-calling-enterpriseproxy.01-malaysiasouth-prod.cosmic.office.net,Cisco-Umbrella,legitimate,97
688,p3tfthn.cn,Majestic,legitimate,10
607,loansfranckmuller.com,Majestic,legitimate,21
8,bunkrstatic.b-cdn.net,Cisco-Umbrella,legitimate,21
547,goeasjm.kr,Majestic,legitimate,10
